date,average_gco2_kwh,lowest_gco2_kwh,lowest_at_utc,hours_at_or_below_50g,longest_spell_at_or_below_50g_hours,max_wind_share_pct,max_solar_share_pct,wales_avg_wind_share_pct,wales_hours_wind_above_80pct
2026-08-01,112,58,2026-08-01T13:30Z,0.0,0.0,25.6,34.1,41.8,0.0
2026-08-02,129,71,2026-08-02T11:30Z,0.0,0.0,21.8,43.3,15.3,0.0
2026-08-03,121,58,2026-08-03T11:00Z,0.0,0.0,31.5,36.0,25.4,0.0
2026-08-04,129,79,2026-08-04T14:30Z,0.0,0.0,44.3,25.4,34.3,0.0
2026-08-05,65,37,2026-08-05T13:30Z,8.0,8.0,57.6,26.8,62.2,0.0
2026-08-06,101,34,2026-08-06T10:30Z,1.0,0.5,61.8,27.1,46.0,2.0
2026-08-07,126,63,2026-08-07T13:30Z,0.0,0.0,29.5,34.5,40.3,0.0
2026-08-08,94,50,2026-08-08T12:00Z,0.5,0.5,41.6,40.0,53.6,1.5
2026-08-09,96,54,2026-08-09T11:30Z,0.0,0.0,42.5,39.9,48.4,0.0
2026-08-10,136,67,2026-08-10T11:30Z,0.0,0.0,35.2,38.8,21.2,0.0
2026-08-11,123,52,2026-08-11T12:00Z,0.0,0.0,38.9,39.9,25.0,0.0
2026-08-12,125,58,2026-08-12T10:30Z,0.0,0.0,44.5,36.8,27.2,0.0
2026-08-13,184,124,2026-08-13T12:30Z,0.0,0.0,19.5,35.9,4.7,0.0
2026-08-14,169,93,2026-08-14T12:00Z,0.0,0.0,19.3,32.6,14.5,0.0
2026-08-15,125,56,2026-08-15T11:30Z,0.0,0.0,27.8,35.0,33.2,0.0
2026-08-16,171,93,2026-08-16T12:00Z,0.0,0.0,11.1,33.4,5.8,0.0
2026-08-17,207,176,2026-08-17T12:00Z,0.0,0.0,27.0,23.2,9.5,0.0
2026-08-18,150,86,2026-08-18T13:00Z,0.0,0.0,36.9,22.6,34.3,0.0
2026-08-19,175,125,2026-08-19T13:30Z,0.0,0.0,25.2,24.8,15.8,0.0
2026-08-20,149,79,2026-08-20T12:00Z,0.0,0.0,27.9,24.2,33.1,0.0
2026-08-21,131,84,2026-08-21T22:30Z,0.0,0.0,35.1,26.6,29.4,0.0
2026-08-22,82,55,2026-08-22T10:00Z,0.0,0.0,42.0,33.0,39.2,0.0
2026-08-23,113,66,2026-08-23T10:00Z,0.0,0.0,15.4,39.1,20.1,0.0
2026-08-24,111,53,2026-08-24T13:30Z,0.0,0.0,49.7,34.9,38.4,0.0
2026-08-25,80,40,2026-08-25T12:30Z,4.0,4.0,47.5,31.8,52.1,0.0
2026-08-26,107,70,2026-08-26T12:00Z,0.0,0.0,47.3,26.5,42.6,0.0
2026-08-27,147,87,2026-08-27T00:00Z,0.0,0.0,47.1,18.6,27.0,0.0
2026-08-28,102,51,2026-08-28T13:30Z,0.0,0.0,53.2,23.0,45.8,0.0
2026-08-29,110,65,2026-08-28T23:30Z,0.0,0.0,52.1,16.3,33.0,0.0
2026-08-30,107,81,2026-08-30T10:00Z,0.0,0.0,36.1,23.5,29.3,0.0
2026-08-31,84,50,2026-08-31T13:00Z,0.5,0.5,43.0,23.8,35.8,0.0
2026-09-01,95,54,2026-09-01T09:00Z,0.0,0.0,47.0,27.8,51.8,0.0
2026-09-02,145,69,2026-09-02T22:30Z,0.0,0.0,56.2,21.6,34.9,0.0
2026-09-03,73,38,2026-09-03T12:30Z,5.5,5.5,60.0,20.7,60.2,0.0
2026-09-04,71,40,2026-09-04T12:30Z,5.5,4.5,61.0,19.6,61.1,0.0
2026-09-05,80,45,2026-09-05T09:00Z,5.0,5.0,68.8,30.6,58.8,8.0
2026-09-06,69,33,2026-09-06T10:30Z,7.0,7.0,54.6,29.4,62.3,3.0
2026-09-07,83,47,2026-09-07T01:00Z,2.0,2.0,59.0,22.6,64.9,0.0
2026-09-08,84,51,2026-09-08T22:30Z,0.0,0.0,66.7,22.7,72.5,4.0
2026-09-09,107,47,2026-09-09T00:00Z,4.0,4.0,66.7,21.7,41.2,2.0
2026-09-10,113,63,2026-09-10T11:00Z,0.0,0.0,55.6,22.2,52.8,0.0
2026-09-11,129,72,2026-09-11T01:00Z,0.0,0.0,55.4,22.0,35.8,0.0
2026-09-12,81,27,2026-09-12T13:00Z,6.0,6.0,55.6,20.0,72.1,5.0
2026-09-13,164,95,2026-09-12T23:00Z,0.0,0.0,30.1,18.3,14.3,0.0
2026-09-14,151,81,2026-09-14T22:30Z,0.0,0.0,53.5,19.3,28.6,0.0
2026-09-15,78,34,2026-09-15T11:00Z,6.0,6.0,61.1,23.8,65.1,0.0
2026-09-16,112,64,2026-09-16T02:00Z,0.0,0.0,52.0,19.6,42.1,0.0
2026-09-17,66,35,2026-09-17T11:00Z,6.5,6.5,63.1,21.6,73.5,3.0
2026-09-18,61,38,2026-09-18T12:00Z,5.5,5.5,70.2,21.4,77.5,8.5
2026-09-19,60,38,2026-09-19T10:00Z,8.5,6.0,72.8,17.8,75.8,2.5
2026-09-20,81,37,2026-09-20T12:30Z,6.5,6.5,70.0,32.3,62.1,7.5
2026-09-21,162,106,2026-09-21T12:00Z,0.0,0.0,24.9,28.5,13.7,0.0
2026-09-22,190,125,2026-09-22T11:00Z,0.0,0.0,19.7,25.6,5.8,0.0
2026-09-23,130,62,2026-09-23T11:30Z,0.0,0.0,37.9,21.4,22.2,0.0
2026-09-24,134,75,2026-09-24T11:00Z,0.0,0.0,45.5,28.5,34.9,0.0
2026-09-25,142,101,2026-09-25T00:00Z,0.0,0.0,46.3,24.2,27.9,0.0
2026-09-26,112,48,2026-09-26T12:30Z,0.5,0.5,35.8,32.8,46.2,0.0
2026-09-27,83,47,2026-09-27T13:30Z,2.0,2.0,53.7,14.8,65.4,4.5
2026-09-28,180,119,2026-09-27T23:00Z,0.0,0.0,56.6,26.6,20.1,1.0
2026-09-29,101,66,2026-09-29T10:00Z,0.0,0.0,64.9,19.5,64.0,2.0
2026-09-30,104,57,2026-09-30T12:30Z,0.0,0.0,68.7,23.2,56.0,3.0
2026-10-01,169,114,2026-10-01T10:00Z,0.0,0.0,33.6,23.5,20.6,0.0
