date,wind_mwh_turned_down,wind_gbp,gas_mwh_turned_up,gas_gbp,total_gbp,basis
2026-09-17,98999.5,3488046,27779.1,6948051,10436097,system
2026-09-18,108228.6,3450459,48330.4,11293036,14743495,system
2026-09-19,124798.8,6456827,34217.3,8257967,14714794,system
2026-09-20,95601.9,4755451,24393.1,5111728,9867179,system
2026-09-21,14478.7,-145474,3332.0,797134,651660,system
2026-09-22,12428.6,-86059,0.0,0,-86059,system
2026-09-23,2249.0,28845,5928.5,1367388,1396233,system
2026-09-24,43261.9,728811,12057.7,2936186,3664997,system
2026-09-25,46592.6,336416,4748.8,1141848,1478264,system
2026-09-26,80527.1,2270955,10024.4,2300321,4571276,system
2026-09-27,89876.0,3068135,12256.8,2841534,5909669,system
2026-09-28,23205.7,-49212,5716.3,1335682,1286470,system
2026-09-29,96091.4,3062305,22177.1,5350605,8412910,system
2026-09-30,122356.1,3738454,35578.8,8602225,12340679,system
