date,hour_uk,wind_mwh_turned_down,wind_gbp,gas_mwh_turned_up,gas_gbp,basis
2026-09-17,00:00,5101.0,173844,748.3,186354,system
2026-09-17,01:00,4675.4,163159,695.0,173654,system
2026-09-17,02:00,4065.1,127445,695.0,173654,system
2026-09-17,03:00,3547.0,100920,695.0,173654,system
2026-09-17,04:00,3331.2,89095,695.0,173654,system
2026-09-17,05:00,3164.9,76333,695.0,173654,system
2026-09-17,06:00,3250.4,48043,695.0,173654,system
2026-09-17,07:00,3245.1,55032,773.6,192986,system
2026-09-17,08:00,3386.7,94407,930.0,233248,system
2026-09-17,09:00,3911.5,166225,820.3,206025,system
2026-09-17,10:00,3757.2,198771,476.0,113468,system
2026-09-17,11:00,3865.1,216022,476.0,113468,system
2026-09-17,12:00,3895.7,223829,476.0,113468,system
2026-09-17,13:00,4050.2,201110,476.0,113468,system
2026-09-17,14:00,4745.1,278146,476.0,113468,system
2026-09-17,15:00,4431.3,209472,479.8,114514,system
2026-09-17,16:00,4673.7,185645,703.6,176010,system
2026-09-17,17:00,4954.2,160810,1006.7,271427,system
2026-09-17,18:00,4640.5,126235,1281.5,370020,system
2026-09-17,19:00,4627.3,117147,1918.3,553194,system
2026-09-17,20:00,4350.0,101838,4143.6,1091570,system
2026-09-17,21:00,4503.5,105789,1944.9,507899,system
2026-09-17,22:00,4460.1,121114,3360.6,772275,system
2026-09-17,23:00,4367.3,147615,3117.9,663265,system
2026-09-18,00:00,5558.7,177399,2519.4,546562,system
2026-09-18,01:00,5757.8,191410,2514.4,546314,system
2026-09-18,02:00,5520.0,175308,2451.2,522989,system
2026-09-18,03:00,5306.5,157416,2269.9,501465,system
2026-09-18,04:00,5333.1,159433,2242.0,497765,system
2026-09-18,05:00,4725.7,110189,2266.1,502191,system
2026-09-18,06:00,3992.9,37671,3164.8,717800,system
2026-09-18,07:00,3683.8,12167,2669.0,640073,system
2026-09-18,08:00,4384.3,76091,2138.4,521419,system
2026-09-18,09:00,4440.5,132400,1440.5,365621,system
2026-09-18,10:00,4571.6,214368,1141.8,287801,system
2026-09-18,11:00,4247.0,255814,965.7,240412,system
2026-09-18,12:00,3932.2,241624,503.9,119739,system
2026-09-18,13:00,3414.7,172576,476.0,112510,system
2026-09-18,14:00,3066.6,147584,476.0,112510,system
2026-09-18,15:00,3216.3,149135,476.0,112510,system
2026-09-18,16:00,3403.1,113641,476.0,112510,system
2026-09-18,17:00,3590.1,75359,666.2,157678,system
2026-09-18,18:00,4580.9,77641,3283.7,792143,system
2026-09-18,19:00,4732.6,90543,4026.1,981748,system
2026-09-18,20:00,4915.7,104475,3711.6,894144,system
2026-09-18,21:00,4823.8,124405,3099.8,745584,system
2026-09-18,22:00,5074.7,165132,2963.5,713010,system
2026-09-18,23:00,5956.0,288678,2388.4,548538,system
2026-09-19,00:00,6469.0,337372,1754.0,404291,system
2026-09-19,01:00,5900.3,296781,1129.5,281503,system
2026-09-19,02:00,5479.8,295524,894.0,235229,system
2026-09-19,03:00,5122.3,288052,894.0,235229,system
2026-09-19,04:00,4744.2,271396,894.0,235229,system
2026-09-19,05:00,4300.2,223689,894.0,235229,system
2026-09-19,06:00,4679.5,259007,894.0,235229,system
2026-09-19,07:00,5355.8,318038,957.5,244094,system
2026-09-19,08:00,5458.8,338362,756.8,187973,system
2026-09-19,09:00,4754.7,267172,631.9,155627,system
2026-09-19,10:00,4624.5,257696,450.0,112083,system
2026-09-19,11:00,4503.6,247817,450.0,112083,system
2026-09-19,12:00,4577.0,256434,450.0,112083,system
2026-09-19,13:00,4633.4,258019,450.0,112083,system
2026-09-19,14:00,4532.7,252429,450.0,112083,system
2026-09-19,15:00,4780.0,267143,450.0,112083,system
2026-09-19,16:00,5658.6,349003,294.2,73269,system
2026-09-19,17:00,5668.5,256999,38.8,9209,system
2026-09-19,18:00,5307.6,201908,2336.5,563263,system
2026-09-19,19:00,5365.2,198274,4566.9,1115063,system
2026-09-19,20:00,5882.5,224796,3565.6,862637,system
2026-09-19,21:00,5826.1,238242,3963.8,949613,system
2026-09-19,22:00,5746.4,263740,4098.8,928673,system
2026-09-19,23:00,5428.1,288934,2953.0,634109,system
2026-09-20,00:00,5813.0,301218,2188.4,455978,system
2026-09-20,01:00,6313.5,339863,2402.4,491755,system
2026-09-20,02:00,6304.4,344258,2678.9,545182,system
2026-09-20,03:00,6167.2,337925,2616.4,532503,system
2026-09-20,04:00,5987.4,329251,2215.6,454065,system
2026-09-20,05:00,5641.1,308451,2484.8,506719,system
2026-09-20,06:00,5201.0,266916,2107.9,432991,system
2026-09-20,07:00,4880.2,262789,2680.9,563754,system
2026-09-20,08:00,4468.8,245851,2679.8,567697,system
2026-09-20,09:00,4405.0,247271,810.5,180626,system
2026-09-20,10:00,4195.3,249107,235.0,58532,system
2026-09-20,11:00,4021.4,253391,235.0,58532,system
2026-09-20,12:00,3986.0,254554,235.0,58532,system
2026-09-20,13:00,3862.2,245893,235.0,58532,system
2026-09-20,14:00,4262.9,259635,235.0,58532,system
2026-09-20,15:00,4232.4,262150,235.0,58532,system
2026-09-20,16:00,4099.2,210163,117.5,29266,system
2026-09-20,17:00,3422.3,55510,0.0,0,system
2026-09-20,18:00,2996.6,18530,0.0,0,system
2026-09-20,19:00,2599.0,3957,0.0,0,system
2026-09-20,20:00,1861.1,-16442,0.0,0,system
2026-09-20,21:00,787.6,-20296,0.0,0,system
2026-09-20,22:00,94.3,-4494,0.0,0,system
2026-09-20,23:00,0.0,0,0.0,0,system
2026-09-21,00:00,0.0,0,0.0,0,system
2026-09-21,01:00,0.0,0,0.0,0,system
2026-09-21,02:00,0.0,0,0.0,0,system
2026-09-21,03:00,0.0,0,353.1,84534,system
2026-09-21,04:00,0.0,0,476.0,113947,system
2026-09-21,05:00,0.0,0,476.0,113947,system
2026-09-21,06:00,0.0,0,476.0,113947,system
2026-09-21,07:00,0.0,0,476.0,113947,system
2026-09-21,08:00,0.0,0,476.0,113947,system
2026-09-21,09:00,3.1,266,476.0,113947,system
2026-09-21,10:00,0.0,0,122.9,28918,system
2026-09-21,11:00,0.0,0,0.0,0,system
2026-09-21,12:00,0.4,30,0.0,0,system
2026-09-21,13:00,2.2,111,0.0,0,system
2026-09-21,14:00,81.7,3096,0.0,0,system
2026-09-21,15:00,436.2,4573,0.0,0,system
2026-09-21,16:00,1099.5,12928,0.0,0,system
2026-09-21,17:00,1701.0,-21328,0.0,0,system
2026-09-21,18:00,1965.1,-37735,0.0,0,system
2026-09-21,19:00,1994.0,-40806,0.0,0,system
2026-09-21,20:00,2088.1,-30310,0.0,0,system
2026-09-21,21:00,2175.7,-18609,0.0,0,system
2026-09-21,22:00,1609.6,-6070,0.0,0,system
2026-09-21,23:00,1322.1,-11620,0.0,0,system
2026-09-22,00:00,1042.8,-4650,0.0,0,system
2026-09-22,01:00,861.7,-1136,0.0,0,system
2026-09-22,02:00,889.3,-1352,0.0,0,system
2026-09-22,03:00,747.8,-6148,0.0,0,system
2026-09-22,04:00,712.0,-5983,0.0,0,system
2026-09-22,05:00,911.1,-10143,0.0,0,system
2026-09-22,06:00,1130.8,-21101,0.0,0,system
2026-09-22,07:00,1368.2,-24600,0.0,0,system
2026-09-22,08:00,1352.3,-17746,0.0,0,system
2026-09-22,09:00,1369.4,3369,0.0,0,system
2026-09-22,10:00,1120.1,6120,0.0,0,system
2026-09-22,11:00,807.2,-178,0.0,0,system
2026-09-22,12:00,115.9,-2511,0.0,0,system
2026-09-22,13:00,0.0,0,0.0,0,system
2026-09-22,14:00,0.0,0,0.0,0,system
2026-09-22,15:00,0.0,0,0.0,0,system
2026-09-22,16:00,0.0,0,0.0,0,system
2026-09-22,17:00,0.0,0,0.0,0,system
2026-09-22,18:00,0.0,0,0.0,0,system
2026-09-22,19:00,0.0,0,0.0,0,system
2026-09-22,20:00,0.0,0,0.0,0,system
2026-09-22,21:00,0.0,0,0.0,0,system
2026-09-22,22:00,0.0,0,0.0,0,system
2026-09-22,23:00,0.0,0,0.0,0,system
2026-09-23,00:00,0.0,0,0.0,0,system
2026-09-23,01:00,0.0,0,0.0,0,system
2026-09-23,02:00,0.0,0,0.0,0,system
2026-09-23,03:00,0.0,0,0.0,0,system
2026-09-23,04:00,0.0,0,0.0,0,system
2026-09-23,05:00,4.2,360,0.0,0,system
2026-09-23,06:00,6.0,506,0.0,0,system
2026-09-23,07:00,61.7,-1310,0.0,0,system
2026-09-23,08:00,187.1,3833,0.0,0,system
2026-09-23,09:00,380.5,11301,0.0,0,system
2026-09-23,10:00,365.1,6571,155.1,42621,system
2026-09-23,11:00,302.7,5426,582.8,121002,system
2026-09-23,12:00,269.6,2754,669.0,135422,system
2026-09-23,13:00,313.6,955,669.0,135422,system
2026-09-23,14:00,303.5,-424,669.0,135422,system
2026-09-23,15:00,44.4,-483,601.2,124095,system
2026-09-23,16:00,1.4,-40,72.9,20029,system
2026-09-23,17:00,9.2,-604,0.0,0,system
2026-09-23,18:00,0.0,0,0.0,0,system
2026-09-23,19:00,0.0,0,0.0,0,system
2026-09-23,20:00,0.0,0,481.5,132813,system
2026-09-23,21:00,0.0,0,676.0,185762,system
2026-09-23,22:00,0.0,0,676.0,182745,system
2026-09-23,23:00,0.0,0,676.0,152055,system
2026-09-24,00:00,0.0,0,670.8,150871,system
2026-09-24,01:00,0.0,0,676.0,158291,system
2026-09-24,02:00,0.0,0,676.0,158291,system
2026-09-24,03:00,0.0,0,676.0,158291,system
2026-09-24,04:00,0.0,0,676.0,158291,system
2026-09-24,05:00,0.0,0,676.0,158291,system
2026-09-24,06:00,27.5,-1771,676.0,158291,system
2026-09-24,07:00,287.1,-14935,576.0,133246,system
2026-09-24,08:00,688.9,-16655,542.2,124779,system
2026-09-24,09:00,1137.5,-3970,476.0,108201,system
2026-09-24,10:00,1513.6,13819,476.0,108201,system
2026-09-24,11:00,1859.6,57460,476.0,108201,system
2026-09-24,12:00,2167.4,72957,476.0,108201,system
2026-09-24,13:00,2528.6,89982,476.0,108201,system
2026-09-24,14:00,3088.6,85962,476.0,108201,system
2026-09-24,15:00,3225.9,76095,360.9,82030,system
2026-09-24,16:00,3582.7,68603,30.4,8984,system
2026-09-24,17:00,3443.0,41302,344.9,102236,system
2026-09-24,18:00,3529.9,35742,440.0,130409,system
2026-09-24,19:00,3390.3,36604,440.0,130409,system
2026-09-24,20:00,3181.7,43155,457.1,134547,system
2026-09-24,21:00,3171.2,52710,459.6,135139,system
2026-09-24,22:00,3374.4,49527,530.5,133997,system
2026-09-24,23:00,3064.0,42224,293.3,70587,system
2026-09-25,00:00,2506.4,34941,435.0,107314,system
2026-09-25,01:00,2195.4,27067,435.0,107314,system
2026-09-25,02:00,1958.0,17656,435.0,107314,system
2026-09-25,03:00,1824.1,15217,435.0,107314,system
2026-09-25,04:00,1688.4,7897,435.0,107314,system
2026-09-25,05:00,1764.9,-2678,435.0,107314,system
2026-09-25,06:00,1924.7,-17975,410.0,100832,system
2026-09-25,07:00,2141.6,-12983,442.0,102927,system
2026-09-25,08:00,2069.6,10822,297.9,69888,system
2026-09-25,09:00,1905.6,23809,151.4,35733,system
2026-09-25,10:00,1949.3,32180,0.0,0,system
2026-09-25,11:00,2179.8,36626,0.0,0,system
2026-09-25,12:00,2289.5,29552,0.0,0,system
2026-09-25,13:00,2192.5,27081,0.0,0,system
2026-09-25,14:00,2183.0,27273,0.0,0,system
2026-09-25,15:00,1750.9,21488,0.0,0,system
2026-09-25,16:00,1523.7,3126,0.0,0,system
2026-09-25,17:00,1268.6,-12701,0.0,0,system
2026-09-25,18:00,1280.8,-18306,0.0,0,system
2026-09-25,19:00,1314.6,-19125,0.0,0,system
2026-09-25,20:00,1339.4,-11357,0.0,0,system
2026-09-25,21:00,1460.6,3408,0.0,0,system
2026-09-25,22:00,2353.5,28055,139.8,34294,system
2026-09-25,23:00,3527.7,85343,697.7,154290,system
2026-09-26,00:00,4379.0,134546,676.0,152783,system
2026-09-26,01:00,4689.2,157672,676.0,157812,system
2026-09-26,02:00,5336.8,206327,676.0,157812,system
2026-09-26,03:00,5460.1,216513,676.0,157812,system
2026-09-26,04:00,5538.0,213778,676.0,157812,system
2026-09-26,05:00,5450.0,194903,676.0,157812,system
2026-09-26,06:00,5073.2,151439,676.0,157812,system
2026-09-26,07:00,4464.1,118535,676.0,152783,system
2026-09-26,08:00,3212.8,84177,688.1,155049,system
2026-09-26,09:00,2231.9,46431,711.0,158466,system
2026-09-26,10:00,1800.9,37258,627.4,140414,system
2026-09-26,11:00,1728.5,45248,476.0,107723,system
2026-09-26,12:00,1885.3,58237,476.0,107723,system
2026-09-26,13:00,2065.6,68963,476.0,107723,system
2026-09-26,14:00,2010.3,60435,476.0,107723,system
2026-09-26,15:00,1765.5,44768,360.9,81667,system
2026-09-26,16:00,1927.9,33224,0.0,0,system
2026-09-26,17:00,2088.2,14129,0.0,0,system
2026-09-26,18:00,2040.7,4519,0.0,0,system
2026-09-26,19:00,2314.2,7011,0.0,0,system
2026-09-26,20:00,2707.6,25622,0.0,0,system
2026-09-26,21:00,3646.2,84723,0.0,0,system
2026-09-26,22:00,4133.0,125355,125.0,31306,system
2026-09-26,23:00,4578.1,137142,200.0,50089,system
2026-09-27,00:00,5081.5,139471,200.0,45060,system
2026-09-27,01:00,4974.0,138842,200.0,45060,system
2026-09-27,02:00,4914.8,146361,200.0,45060,system
2026-09-27,03:00,5057.0,157284,200.0,50894,system
2026-09-27,04:00,5156.7,168171,200.0,50894,system
2026-09-27,05:00,5264.4,186434,200.0,50894,system
2026-09-27,06:00,5289.9,201681,200.0,50894,system
2026-09-27,07:00,4587.8,161381,200.0,50089,system
2026-09-27,08:00,3970.8,164446,770.4,185382,system
2026-09-27,09:00,3742.2,171003,643.1,152064,system
2026-09-27,10:00,4087.2,228763,476.0,110116,system
2026-09-27,11:00,3461.6,198755,476.0,110116,system
2026-09-27,12:00,3306.2,177774,476.0,110116,system
2026-09-27,13:00,3375.9,165034,476.0,110116,system
2026-09-27,14:00,2977.8,136984,476.0,110116,system
2026-09-27,15:00,2942.4,129574,476.0,110116,system
2026-09-27,16:00,3400.1,125189,476.0,110116,system
2026-09-27,17:00,3233.0,66056,476.0,110116,system
2026-09-27,18:00,2739.7,30916,979.3,222821,system
2026-09-27,19:00,2525.1,28163,1590.6,358436,system
2026-09-27,20:00,2632.1,26053,1131.7,253275,system
2026-09-27,21:00,2613.4,38672,652.2,147765,system
2026-09-27,22:00,2427.6,40969,491.7,113981,system
2026-09-27,23:00,2114.8,40159,589.8,138037,system
2026-09-28,00:00,2121.1,24680,576.0,134658,system
2026-09-28,01:00,1696.1,17327,676.0,159200,system
2026-09-28,02:00,1226.3,10732,676.0,159200,system
2026-09-28,03:00,1134.1,6784,676.0,159200,system
2026-09-28,04:00,1218.4,8477,676.0,159200,system
2026-09-28,05:00,1139.1,-4338,676.0,159200,system
2026-09-28,06:00,1097.0,-15506,500.5,118508,system
2026-09-28,07:00,1021.3,-19979,0.0,0,system
2026-09-28,08:00,1091.8,-16929,0.0,0,system
2026-09-28,09:00,1170.2,-5601,0.0,0,system
2026-09-28,10:00,1161.8,4638,0.0,0,system
2026-09-28,11:00,1178.9,11855,0.0,0,system
2026-09-28,12:00,1082.8,11911,0.0,0,system
2026-09-28,13:00,1184.5,16461,0.0,0,system
2026-09-28,14:00,1394.7,29452,0.0,0,system
2026-09-28,15:00,1258.7,12307,0.0,0,system
2026-09-28,16:00,979.0,-11391,0.0,0,system
2026-09-28,17:00,623.4,-28401,0.0,0,system
2026-09-28,18:00,386.5,-32323,0.0,0,system
2026-09-28,19:00,281.5,-24817,0.0,0,system
2026-09-28,20:00,243.9,-18846,0.0,0,system
2026-09-28,21:00,233.0,-13554,82.9,18918,system
2026-09-28,22:00,109.3,-5270,500.9,113455,system
2026-09-28,23:00,172.3,-6881,676.0,154143,system
2026-09-29,00:00,191.8,-6832,701.3,160086,system
2026-09-29,01:00,184.1,-6787,895.0,205575,system
2026-09-29,02:00,355.4,-5717,895.0,205575,system
2026-09-29,03:00,903.3,-3628,895.0,204139,system
2026-09-29,04:00,1341.6,167,895.0,204139,system
2026-09-29,05:00,2231.6,26149,895.0,204139,system
2026-09-29,06:00,3174.9,36005,895.0,204139,system
2026-09-29,07:00,3459.3,33630,309.7,70717,system
2026-09-29,08:00,3511.0,58640,0.0,0,system
2026-09-29,09:00,3526.1,73821,0.0,0,system
2026-09-29,10:00,4025.0,153503,141.7,32203,system
2026-09-29,11:00,4444.2,217897,200.0,45463,system
2026-09-29,12:00,4374.9,213468,200.0,45463,system
2026-09-29,13:00,4087.6,185396,200.0,45463,system
2026-09-29,14:00,4841.8,195286,58.3,13260,system
2026-09-29,15:00,5515.6,198860,0.0,0,system
2026-09-29,16:00,5624.9,155296,0.0,0,system
2026-09-29,17:00,6289.2,165499,2.1,989,system
2026-09-29,18:00,6217.0,149776,269.1,128662,system
2026-09-29,19:00,6411.1,180697,206.6,91449,system
2026-09-29,20:00,6358.8,217529,1780.6,530641,system
2026-09-29,21:00,6376.7,252754,4338.0,1063458,system
2026-09-29,22:00,6309.7,277367,4410.6,1029811,system
2026-09-29,23:00,6335.8,293529,3989.1,865234,system
2026-09-30,00:00,6291.3,283011,3655.8,776525,system
2026-09-30,01:00,5874.7,255576,3491.5,730839,system
2026-09-30,02:00,5441.3,227688,2651.6,558800,system
2026-09-30,03:00,5295.0,220699,1506.0,341592,system
2026-09-30,04:00,5911.8,262534,1748.7,389460,system
2026-09-30,05:00,6640.9,287841,1917.4,430939,system
2026-09-30,06:00,6620.4,221391,2040.3,461562,system
2026-09-30,07:00,6341.1,176135,2468.5,562697,system
2026-09-30,08:00,5900.8,171502,2500.3,563942,system
2026-09-30,09:00,5028.2,149389,1364.7,313490,system
2026-09-30,10:00,4260.8,125646,616.6,138118,system
2026-09-30,11:00,3664.7,101798,476.0,105807,system
2026-09-30,12:00,3314.4,100006,476.0,105807,system
2026-09-30,13:00,3431.7,126894,476.0,105807,system
2026-09-30,14:00,4020.9,167150,476.0,105807,system
2026-09-30,15:00,4935.6,177378,212.1,49826,system
2026-09-30,16:00,5578.2,179143,216.6,63914,system
2026-09-30,17:00,5698.6,132199,1548.1,592943,system
2026-09-30,18:00,5764.4,97255,2035.0,692537,system
2026-09-30,19:00,5400.4,57379,2729.8,745657,system
2026-09-30,20:00,4948.1,51456,1325.9,373304,system
2026-09-30,21:00,4408.7,49285,858.5,212654,system
2026-09-30,22:00,3905.5,53315,591.4,133830,system
2026-09-30,23:00,3678.6,63784,196.0,46368,system
