week_start,average_gco2_kwh,lowest_gco2_kwh,highest_gco2_kwh,hours_at_or_below_50g,wind_pct,solar_pct,gas_pct,nuclear_pct,imports_pct,wales_average_gco2_kwh
2026-08-03,105,34,203,9.5,30.8,12.2,19.2,13.4,13.1,153
2026-08-10,147,52,241,0.0,15.8,12.8,29.0,13.6,16.6,257
2026-08-17,144,55,243,0.0,19.6,9.4,28.6,15.7,14.1,220
2026-08-24,109,40,224,4.0,28.7,8.5,18.0,17.3,13.1,174
2026-08-31,88,33,181,23.5,42.5,8.1,18.0,16.5,4.3,138
2026-09-07,109,27,209,12.0,35.9,6.8,21.0,12.1,10.9,152
2026-09-14,87,34,197,33.0,47.6,6.6,17.4,10.9,6.4,118
2026-09-21,136,47,229,2.5,26.5,7.3,27.0,13.3,11.4,236
2026-09-28,132,54,235,0.0,32.8,6.4,27.5,13.2,7.6,184
